ID,VARIABLE,PARAMETER,VALUE,TIMESTAMP
1,USTAR_MP_METHOD,SUCCESS_RUN,1,2017
1,USTAR_MP_METHOD,SUCCESS_RUN,1,2018
1,USTAR_MP_METHOD,SUCCESS_RUN,1,2019
1,USTAR_MP_METHOD,SUCCESS_RUN,1,2020
1,USTAR_MP_METHOD,SUCCESS_RUN,1,2021
2,USTAR_CP_METHOD,SUCCESS_RUN,0,2017
2,USTAR_CP_METHOD,SUCCESS_RUN,0,2018
2,USTAR_CP_METHOD,SUCCESS_RUN,0,2019
2,USTAR_CP_METHOD,SUCCESS_RUN,0,2020
2,USTAR_CP_METHOD,SUCCESS_RUN,0,2021
3,NEE_CUT_USTAR50,USTAR_THRESHOLD,0.225987,-9999
4,NEE_VUT_USTAR50,USTAR_THRESHOLD,0.202261,2017
4,NEE_VUT_USTAR50,USTAR_THRESHOLD,0.212459,2018
4,NEE_VUT_USTAR50,USTAR_THRESHOLD,0.226349,2019
4,NEE_VUT_USTAR50,USTAR_THRESHOLD,0.235149,2020
4,NEE_VUT_USTAR50,USTAR_THRESHOLD,0.235342,2021
5,NEE_CUT_REF,HH_USTAR_PERCENTILE,43.75,-9999
5,NEE_CUT_REF,HH_USTAR_THRESHOLD,0.215533,-9999
6,NEE_VUT_REF,HH_USTAR_PERCENTILE,53.75,2017
6,NEE_VUT_REF,HH_USTAR_THRESHOLD,0.212435,2017
6,NEE_VUT_REF,HH_USTAR_PERCENTILE,53.75,2018
6,NEE_VUT_REF,HH_USTAR_THRESHOLD,0.219048,2018
6,NEE_VUT_REF,HH_USTAR_PERCENTILE,53.75,2019
6,NEE_VUT_REF,HH_USTAR_THRESHOLD,0.232351,2019
6,NEE_VUT_REF,HH_USTAR_PERCENTILE,53.75,2020
6,NEE_VUT_REF,HH_USTAR_THRESHOLD,0.238689,2020
6,NEE_VUT_REF,HH_USTAR_PERCENTILE,53.75,2021
6,NEE_VUT_REF,HH_USTAR_THRESHOLD,0.239347,2021
7,NEE_CUT_REF,DD_USTAR_PERCENTILE,61.25,-9999
7,NEE_CUT_REF,DD_USTAR_THRESHOLD,0.242272,-9999
8,NEE_VUT_REF,DD_USTAR_PERCENTILE,33.75,2017
8,NEE_VUT_REF,DD_USTAR_THRESHOLD,0.183207,2017
8,NEE_VUT_REF,DD_USTAR_PERCENTILE,33.75,2018
8,NEE_VUT_REF,DD_USTAR_THRESHOLD,0.184863,2018
8,NEE_VUT_REF,DD_USTAR_PERCENTILE,33.75,2019
8,NEE_VUT_REF,DD_USTAR_THRESHOLD,0.194728,2019
8,NEE_VUT_REF,DD_USTAR_PERCENTILE,33.75,2020
8,NEE_VUT_REF,DD_USTAR_THRESHOLD,0.213743,2020
8,NEE_VUT_REF,DD_USTAR_PERCENTILE,33.75,2021
8,NEE_VUT_REF,DD_USTAR_THRESHOLD,0.219575,2021
9,NEE_CUT_REF,WW_USTAR_PERCENTILE,61.25,-9999
9,NEE_CUT_REF,WW_USTAR_THRESHOLD,0.242272,-9999
10,NEE_VUT_REF,WW_USTAR_PERCENTILE,33.75,2017
10,NEE_VUT_REF,WW_USTAR_THRESHOLD,0.183207,2017
10,NEE_VUT_REF,WW_USTAR_PERCENTILE,33.75,2018
10,NEE_VUT_REF,WW_USTAR_THRESHOLD,0.184863,2018
10,NEE_VUT_REF,WW_USTAR_PERCENTILE,33.75,2019
10,NEE_VUT_REF,WW_USTAR_THRESHOLD,0.194728,2019
10,NEE_VUT_REF,WW_USTAR_PERCENTILE,33.75,2020
10,NEE_VUT_REF,WW_USTAR_THRESHOLD,0.213743,2020
10,NEE_VUT_REF,WW_USTAR_PERCENTILE,33.75,2021
10,NEE_VUT_REF,WW_USTAR_THRESHOLD,0.219575,2021
11,NEE_CUT_REF,MM_USTAR_PERCENTILE,21.25,-9999
11,NEE_CUT_REF,MM_USTAR_THRESHOLD,0.182587,-9999
12,NEE_VUT_REF,MM_USTAR_PERCENTILE,31.25,2017
12,NEE_VUT_REF,MM_USTAR_THRESHOLD,0.181836,2017
12,NEE_VUT_REF,MM_USTAR_PERCENTILE,31.25,2018
12,NEE_VUT_REF,MM_USTAR_THRESHOLD,0.182765,2018
12,NEE_VUT_REF,MM_USTAR_PERCENTILE,31.25,2019
12,NEE_VUT_REF,MM_USTAR_THRESHOLD,0.189035,2019
12,NEE_VUT_REF,MM_USTAR_PERCENTILE,31.25,2020
12,NEE_VUT_REF,MM_USTAR_THRESHOLD,0.210419,2020
12,NEE_VUT_REF,MM_USTAR_PERCENTILE,31.25,2021
12,NEE_VUT_REF,MM_USTAR_THRESHOLD,0.21672,2021
13,NEE_CUT_REF,YY_USTAR_PERCENTILE,46.25,-9999
13,NEE_CUT_REF,YY_USTAR_THRESHOLD,0.219575,-9999
14,NEE_VUT_REF,YY_USTAR_PERCENTILE,46.25,2017
14,NEE_VUT_REF,YY_USTAR_THRESHOLD,0.199264,2017
14,NEE_VUT_REF,YY_USTAR_PERCENTILE,46.25,2018
14,NEE_VUT_REF,YY_USTAR_THRESHOLD,0.204705,2018
14,NEE_VUT_REF,YY_USTAR_PERCENTILE,46.25,2019
14,NEE_VUT_REF,YY_USTAR_THRESHOLD,0.219048,2019
14,NEE_VUT_REF,YY_USTAR_PERCENTILE,46.25,2020
14,NEE_VUT_REF,YY_USTAR_THRESHOLD,0.231068,2020
14,NEE_VUT_REF,YY_USTAR_PERCENTILE,46.25,2021
14,NEE_VUT_REF,YY_USTAR_THRESHOLD,0.233247,2021
15,RECO_NT_CUT_REF,HH_USTAR_PERCENTILE,58.75,-9999
15,RECO_NT_CUT_REF,HH_USTAR_THRESHOLD,0.238147,-9999
16,RECO_NT_VUT_REF,HH_USTAR_PERCENTILE,51.25,2017
16,RECO_NT_VUT_REF,HH_USTAR_THRESHOLD,0.209304,2017
16,RECO_NT_VUT_REF,HH_USTAR_PERCENTILE,51.25,2018
16,RECO_NT_VUT_REF,HH_USTAR_THRESHOLD,0.214996,2018
16,RECO_NT_VUT_REF,HH_USTAR_PERCENTILE,51.25,2019
16,RECO_NT_VUT_REF,HH_USTAR_THRESHOLD,0.227428,2019
16,RECO_NT_VUT_REF,HH_USTAR_PERCENTILE,51.25,2020
16,RECO_NT_VUT_REF,HH_USTAR_THRESHOLD,0.235763,2020
16,RECO_NT_VUT_REF,HH_USTAR_PERCENTILE,51.25,2021
16,RECO_NT_VUT_REF,HH_USTAR_THRESHOLD,0.23646,2021
17,RECO_NT_CUT_REF,DD_USTAR_PERCENTILE,58.75,-9999
17,RECO_NT_CUT_REF,DD_USTAR_THRESHOLD,0.238147,-9999
18,RECO_NT_VUT_REF,DD_USTAR_PERCENTILE,51.25,2017
18,RECO_NT_VUT_REF,DD_USTAR_THRESHOLD,0.209304,2017
18,RECO_NT_VUT_REF,DD_USTAR_PERCENTILE,51.25,2018
18,RECO_NT_VUT_REF,DD_USTAR_THRESHOLD,0.214996,2018
18,RECO_NT_VUT_REF,DD_USTAR_PERCENTILE,51.25,2019
18,RECO_NT_VUT_REF,DD_USTAR_THRESHOLD,0.227428,2019
18,RECO_NT_VUT_REF,DD_USTAR_PERCENTILE,51.25,2020
18,RECO_NT_VUT_REF,DD_USTAR_THRESHOLD,0.235763,2020
18,RECO_NT_VUT_REF,DD_USTAR_PERCENTILE,51.25,2021
18,RECO_NT_VUT_REF,DD_USTAR_THRESHOLD,0.23646,2021
19,RECO_NT_CUT_REF,WW_USTAR_PERCENTILE,58.75,-9999
19,RECO_NT_CUT_REF,WW_USTAR_THRESHOLD,0.238147,-9999
20,RECO_NT_VUT_REF,WW_USTAR_PERCENTILE,51.25,2017
20,RECO_NT_VUT_REF,WW_USTAR_THRESHOLD,0.209304,2017
20,RECO_NT_VUT_REF,WW_USTAR_PERCENTILE,51.25,2018
20,RECO_NT_VUT_REF,WW_USTAR_THRESHOLD,0.214996,2018
20,RECO_NT_VUT_REF,WW_USTAR_PERCENTILE,51.25,2019
20,RECO_NT_VUT_REF,WW_USTAR_THRESHOLD,0.227428,2019
20,RECO_NT_VUT_REF,WW_USTAR_PERCENTILE,51.25,2020
20,RECO_NT_VUT_REF,WW_USTAR_THRESHOLD,0.235763,2020
20,RECO_NT_VUT_REF,WW_USTAR_PERCENTILE,51.25,2021
20,RECO_NT_VUT_REF,WW_USTAR_THRESHOLD,0.23646,2021
21,RECO_NT_CUT_REF,MM_USTAR_PERCENTILE,56.25,-9999
21,RECO_NT_CUT_REF,MM_USTAR_THRESHOLD,0.235132,-9999
22,RECO_NT_VUT_REF,MM_USTAR_PERCENTILE,51.25,2017
22,RECO_NT_VUT_REF,MM_USTAR_THRESHOLD,0.209304,2017
22,RECO_NT_VUT_REF,MM_USTAR_PERCENTILE,51.25,2018
22,RECO_NT_VUT_REF,MM_USTAR_THRESHOLD,0.214996,2018
22,RECO_NT_VUT_REF,MM_USTAR_PERCENTILE,51.25,2019
22,RECO_NT_VUT_REF,MM_USTAR_THRESHOLD,0.227428,2019
22,RECO_NT_VUT_REF,MM_USTAR_PERCENTILE,51.25,2020
22,RECO_NT_VUT_REF,MM_USTAR_THRESHOLD,0.235763,2020
22,RECO_NT_VUT_REF,MM_USTAR_PERCENTILE,51.25,2021
22,RECO_NT_VUT_REF,MM_USTAR_THRESHOLD,0.23646,2021
23,RECO_NT_CUT_REF,YY_USTAR_PERCENTILE,73.75,-9999
23,RECO_NT_CUT_REF,YY_USTAR_THRESHOLD,0.268334,-9999
24,RECO_NT_VUT_REF,YY_USTAR_PERCENTILE,88.75,2017
24,RECO_NT_VUT_REF,YY_USTAR_THRESHOLD,0.298165,2017
24,RECO_NT_VUT_REF,YY_USTAR_PERCENTILE,88.75,2018
24,RECO_NT_VUT_REF,YY_USTAR_THRESHOLD,0.3274,2018
24,RECO_NT_VUT_REF,YY_USTAR_PERCENTILE,88.75,2019
24,RECO_NT_VUT_REF,YY_USTAR_THRESHOLD,0.3274,2019
24,RECO_NT_VUT_REF,YY_USTAR_PERCENTILE,88.75,2020
24,RECO_NT_VUT_REF,YY_USTAR_THRESHOLD,0.331158,2020
24,RECO_NT_VUT_REF,YY_USTAR_PERCENTILE,88.75,2021
24,RECO_NT_VUT_REF,YY_USTAR_THRESHOLD,0.319353,2021
25,GPP_NT_CUT_REF,HH_USTAR_PERCENTILE,43.75,-9999
25,GPP_NT_CUT_REF,HH_USTAR_THRESHOLD,0.215533,-9999
26,GPP_NT_VUT_REF,HH_USTAR_PERCENTILE,53.75,2017
26,GPP_NT_VUT_REF,HH_USTAR_THRESHOLD,0.212435,2017
26,GPP_NT_VUT_REF,HH_USTAR_PERCENTILE,53.75,2018
26,GPP_NT_VUT_REF,HH_USTAR_THRESHOLD,0.219048,2018
26,GPP_NT_VUT_REF,HH_USTAR_PERCENTILE,53.75,2019
26,GPP_NT_VUT_REF,HH_USTAR_THRESHOLD,0.232351,2019
26,GPP_NT_VUT_REF,HH_USTAR_PERCENTILE,53.75,2020
26,GPP_NT_VUT_REF,HH_USTAR_THRESHOLD,0.238689,2020
26,GPP_NT_VUT_REF,HH_USTAR_PERCENTILE,53.75,2021
26,GPP_NT_VUT_REF,HH_USTAR_THRESHOLD,0.239347,2021
27,GPP_NT_CUT_REF,DD_USTAR_PERCENTILE,61.25,-9999
27,GPP_NT_CUT_REF,DD_USTAR_THRESHOLD,0.242272,-9999
28,GPP_NT_VUT_REF,DD_USTAR_PERCENTILE,51.25,2017
28,GPP_NT_VUT_REF,DD_USTAR_THRESHOLD,0.209304,2017
28,GPP_NT_VUT_REF,DD_USTAR_PERCENTILE,51.25,2018
28,GPP_NT_VUT_REF,DD_USTAR_THRESHOLD,0.214996,2018
28,GPP_NT_VUT_REF,DD_USTAR_PERCENTILE,51.25,2019
28,GPP_NT_VUT_REF,DD_USTAR_THRESHOLD,0.227428,2019
28,GPP_NT_VUT_REF,DD_USTAR_PERCENTILE,51.25,2020
28,GPP_NT_VUT_REF,DD_USTAR_THRESHOLD,0.235763,2020
28,GPP_NT_VUT_REF,DD_USTAR_PERCENTILE,51.25,2021
28,GPP_NT_VUT_REF,DD_USTAR_THRESHOLD,0.23646,2021
29,GPP_NT_CUT_REF,WW_USTAR_PERCENTILE,61.25,-9999
29,GPP_NT_CUT_REF,WW_USTAR_THRESHOLD,0.242272,-9999
30,GPP_NT_VUT_REF,WW_USTAR_PERCENTILE,63.75,2017
30,GPP_NT_VUT_REF,WW_USTAR_THRESHOLD,0.227897,2017
30,GPP_NT_VUT_REF,WW_USTAR_PERCENTILE,63.75,2018
30,GPP_NT_VUT_REF,WW_USTAR_THRESHOLD,0.239882,2018
30,GPP_NT_VUT_REF,WW_USTAR_PERCENTILE,63.75,2019
30,GPP_NT_VUT_REF,WW_USTAR_THRESHOLD,0.247583,2019
30,GPP_NT_VUT_REF,WW_USTAR_PERCENTILE,63.75,2020
30,GPP_NT_VUT_REF,WW_USTAR_THRESHOLD,0.257212,2020
30,GPP_NT_VUT_REF,WW_USTAR_PERCENTILE,63.75,2021
30,GPP_NT_VUT_REF,WW_USTAR_THRESHOLD,0.255662,2021
31,GPP_NT_CUT_REF,MM_USTAR_PERCENTILE,73.75,-9999
31,GPP_NT_CUT_REF,MM_USTAR_THRESHOLD,0.268334,-9999
32,GPP_NT_VUT_REF,MM_USTAR_PERCENTILE,76.25,2017
32,GPP_NT_VUT_REF,MM_USTAR_THRESHOLD,0.25369,2017
32,GPP_NT_VUT_REF,MM_USTAR_PERCENTILE,76.25,2018
32,GPP_NT_VUT_REF,MM_USTAR_THRESHOLD,0.273226,2018
32,GPP_NT_VUT_REF,MM_USTAR_PERCENTILE,76.25,2019
32,GPP_NT_VUT_REF,MM_USTAR_THRESHOLD,0.274254,2019
32,GPP_NT_VUT_REF,MM_USTAR_PERCENTILE,76.25,2020
32,GPP_NT_VUT_REF,MM_USTAR_THRESHOLD,0.286882,2020
32,GPP_NT_VUT_REF,MM_USTAR_PERCENTILE,76.25,2021
32,GPP_NT_VUT_REF,MM_USTAR_THRESHOLD,0.281088,2021
33,GPP_NT_CUT_REF,YY_USTAR_PERCENTILE,58.75,-9999
33,GPP_NT_CUT_REF,YY_USTAR_THRESHOLD,0.238147,-9999
34,GPP_NT_VUT_REF,YY_USTAR_PERCENTILE,61.25,2017
34,GPP_NT_VUT_REF,YY_USTAR_THRESHOLD,0.225987,2017
34,GPP_NT_VUT_REF,YY_USTAR_PERCENTILE,61.25,2018
34,GPP_NT_VUT_REF,YY_USTAR_THRESHOLD,0.235132,2018
34,GPP_NT_VUT_REF,YY_USTAR_PERCENTILE,61.25,2019
34,GPP_NT_VUT_REF,YY_USTAR_THRESHOLD,0.243681,2019
34,GPP_NT_VUT_REF,YY_USTAR_PERCENTILE,61.25,2020
34,GPP_NT_VUT_REF,YY_USTAR_THRESHOLD,0.253171,2020
34,GPP_NT_VUT_REF,YY_USTAR_PERCENTILE,61.25,2021
34,GPP_NT_VUT_REF,YY_USTAR_THRESHOLD,0.253171,2021
35,RECO_DT_CUT_REF,HH_USTAR_PERCENTILE,33.75,-9999
35,RECO_DT_CUT_REF,HH_USTAR_THRESHOLD,0.199492,-9999
36,RECO_DT_VUT_REF,HH_USTAR_PERCENTILE,56.25,2017
36,RECO_DT_VUT_REF,HH_USTAR_THRESHOLD,0.215204,2017
36,RECO_DT_VUT_REF,HH_USTAR_PERCENTILE,56.25,2018
36,RECO_DT_VUT_REF,HH_USTAR_THRESHOLD,0.223043,2018
36,RECO_DT_VUT_REF,HH_USTAR_PERCENTILE,56.25,2019
36,RECO_DT_VUT_REF,HH_USTAR_THRESHOLD,0.236573,2019
36,RECO_DT_VUT_REF,HH_USTAR_PERCENTILE,56.25,2020
36,RECO_DT_VUT_REF,HH_USTAR_THRESHOLD,0.244214,2020
36,RECO_DT_VUT_REF,HH_USTAR_PERCENTILE,56.25,2021
36,RECO_DT_VUT_REF,HH_USTAR_THRESHOLD,0.243569,2021
37,RECO_DT_CUT_REF,DD_USTAR_PERCENTILE,33.75,-9999
37,RECO_DT_CUT_REF,DD_USTAR_THRESHOLD,0.199492,-9999
38,RECO_DT_VUT_REF,DD_USTAR_PERCENTILE,41.25,2017
38,RECO_DT_VUT_REF,DD_USTAR_THRESHOLD,0.19206,2017
38,RECO_DT_VUT_REF,DD_USTAR_PERCENTILE,41.25,2018
38,RECO_DT_VUT_REF,DD_USTAR_THRESHOLD,0.194728,2018
38,RECO_DT_VUT_REF,DD_USTAR_PERCENTILE,41.25,2019
38,RECO_DT_VUT_REF,DD_USTAR_THRESHOLD,0.209964,2019
38,RECO_DT_VUT_REF,DD_USTAR_PERCENTILE,41.25,2020
38,RECO_DT_VUT_REF,DD_USTAR_THRESHOLD,0.224733,2020
38,RECO_DT_VUT_REF,DD_USTAR_PERCENTILE,41.25,2021
38,RECO_DT_VUT_REF,DD_USTAR_THRESHOLD,0.226899,2021
39,RECO_DT_CUT_REF,WW_USTAR_PERCENTILE,33.75,-9999
39,RECO_DT_CUT_REF,WW_USTAR_THRESHOLD,0.199492,-9999
40,RECO_DT_VUT_REF,WW_USTAR_PERCENTILE,43.75,2017
40,RECO_DT_VUT_REF,WW_USTAR_THRESHOLD,0.194305,2017
40,RECO_DT_VUT_REF,WW_USTAR_PERCENTILE,43.75,2018
40,RECO_DT_VUT_REF,WW_USTAR_THRESHOLD,0.199264,2018
40,RECO_DT_VUT_REF,WW_USTAR_PERCENTILE,43.75,2019
40,RECO_DT_VUT_REF,WW_USTAR_THRESHOLD,0.214865,2019
40,RECO_DT_VUT_REF,WW_USTAR_PERCENTILE,43.75,2020
40,RECO_DT_VUT_REF,WW_USTAR_THRESHOLD,0.226899,2020
40,RECO_DT_VUT_REF,WW_USTAR_PERCENTILE,43.75,2021
40,RECO_DT_VUT_REF,WW_USTAR_THRESHOLD,0.229365,2021
41,RECO_DT_CUT_REF,MM_USTAR_PERCENTILE,33.75,-9999
41,RECO_DT_CUT_REF,MM_USTAR_THRESHOLD,0.199492,-9999
42,RECO_DT_VUT_REF,MM_USTAR_PERCENTILE,43.75,2017
42,RECO_DT_VUT_REF,MM_USTAR_THRESHOLD,0.194305,2017
42,RECO_DT_VUT_REF,MM_USTAR_PERCENTILE,43.75,2018
42,RECO_DT_VUT_REF,MM_USTAR_THRESHOLD,0.199264,2018
42,RECO_DT_VUT_REF,MM_USTAR_PERCENTILE,43.75,2019
42,RECO_DT_VUT_REF,MM_USTAR_THRESHOLD,0.214865,2019
42,RECO_DT_VUT_REF,MM_USTAR_PERCENTILE,43.75,2020
42,RECO_DT_VUT_REF,MM_USTAR_THRESHOLD,0.226899,2020
42,RECO_DT_VUT_REF,MM_USTAR_PERCENTILE,43.75,2021
42,RECO_DT_VUT_REF,MM_USTAR_THRESHOLD,0.229365,2021
43,RECO_DT_CUT_REF,YY_USTAR_PERCENTILE,33.75,-9999
43,RECO_DT_CUT_REF,YY_USTAR_THRESHOLD,0.199492,-9999
44,RECO_DT_VUT_REF,YY_USTAR_PERCENTILE,46.25,2017
44,RECO_DT_VUT_REF,YY_USTAR_THRESHOLD,0.199264,2017
44,RECO_DT_VUT_REF,YY_USTAR_PERCENTILE,46.25,2018
44,RECO_DT_VUT_REF,YY_USTAR_THRESHOLD,0.204705,2018
44,RECO_DT_VUT_REF,YY_USTAR_PERCENTILE,46.25,2019
44,RECO_DT_VUT_REF,YY_USTAR_THRESHOLD,0.219048,2019
44,RECO_DT_VUT_REF,YY_USTAR_PERCENTILE,46.25,2020
44,RECO_DT_VUT_REF,YY_USTAR_THRESHOLD,0.231068,2020
44,RECO_DT_VUT_REF,YY_USTAR_PERCENTILE,46.25,2021
44,RECO_DT_VUT_REF,YY_USTAR_THRESHOLD,0.233247,2021
45,GPP_DT_CUT_REF,HH_USTAR_PERCENTILE,33.75,-9999
45,GPP_DT_CUT_REF,HH_USTAR_THRESHOLD,0.199492,-9999
46,GPP_DT_VUT_REF,HH_USTAR_PERCENTILE,63.75,2017
46,GPP_DT_VUT_REF,HH_USTAR_THRESHOLD,0.227897,2017
46,GPP_DT_VUT_REF,HH_USTAR_PERCENTILE,63.75,2018
46,GPP_DT_VUT_REF,HH_USTAR_THRESHOLD,0.239882,2018
46,GPP_DT_VUT_REF,HH_USTAR_PERCENTILE,63.75,2019
46,GPP_DT_VUT_REF,HH_USTAR_THRESHOLD,0.247583,2019
46,GPP_DT_VUT_REF,HH_USTAR_PERCENTILE,63.75,2020
46,GPP_DT_VUT_REF,HH_USTAR_THRESHOLD,0.257212,2020
46,GPP_DT_VUT_REF,HH_USTAR_PERCENTILE,63.75,2021
46,GPP_DT_VUT_REF,HH_USTAR_THRESHOLD,0.255662,2021
47,GPP_DT_CUT_REF,DD_USTAR_PERCENTILE,33.75,-9999
47,GPP_DT_CUT_REF,DD_USTAR_THRESHOLD,0.199492,-9999
48,GPP_DT_VUT_REF,DD_USTAR_PERCENTILE,63.75,2017
48,GPP_DT_VUT_REF,DD_USTAR_THRESHOLD,0.227897,2017
48,GPP_DT_VUT_REF,DD_USTAR_PERCENTILE,63.75,2018
48,GPP_DT_VUT_REF,DD_USTAR_THRESHOLD,0.239882,2018
48,GPP_DT_VUT_REF,DD_USTAR_PERCENTILE,63.75,2019
48,GPP_DT_VUT_REF,DD_USTAR_THRESHOLD,0.247583,2019
48,GPP_DT_VUT_REF,DD_USTAR_PERCENTILE,63.75,2020
48,GPP_DT_VUT_REF,DD_USTAR_THRESHOLD,0.257212,2020
48,GPP_DT_VUT_REF,DD_USTAR_PERCENTILE,63.75,2021
48,GPP_DT_VUT_REF,DD_USTAR_THRESHOLD,0.255662,2021
49,GPP_DT_CUT_REF,WW_USTAR_PERCENTILE,51.25,-9999
49,GPP_DT_CUT_REF,WW_USTAR_THRESHOLD,0.226799,-9999
50,GPP_DT_VUT_REF,WW_USTAR_PERCENTILE,63.75,2017
50,GPP_DT_VUT_REF,WW_USTAR_THRESHOLD,0.227897,2017
50,GPP_DT_VUT_REF,WW_USTAR_PERCENTILE,63.75,2018
50,GPP_DT_VUT_REF,WW_USTAR_THRESHOLD,0.239882,2018
50,GPP_DT_VUT_REF,WW_USTAR_PERCENTILE,63.75,2019
50,GPP_DT_VUT_REF,WW_USTAR_THRESHOLD,0.247583,2019
50,GPP_DT_VUT_REF,WW_USTAR_PERCENTILE,63.75,2020
50,GPP_DT_VUT_REF,WW_USTAR_THRESHOLD,0.257212,2020
50,GPP_DT_VUT_REF,WW_USTAR_PERCENTILE,63.75,2021
50,GPP_DT_VUT_REF,WW_USTAR_THRESHOLD,0.255662,2021
51,GPP_DT_CUT_REF,MM_USTAR_PERCENTILE,33.75,-9999
51,GPP_DT_CUT_REF,MM_USTAR_THRESHOLD,0.199492,-9999
52,GPP_DT_VUT_REF,MM_USTAR_PERCENTILE,63.75,2017
52,GPP_DT_VUT_REF,MM_USTAR_THRESHOLD,0.227897,2017
52,GPP_DT_VUT_REF,MM_USTAR_PERCENTILE,63.75,2018
52,GPP_DT_VUT_REF,MM_USTAR_THRESHOLD,0.239882,2018
52,GPP_DT_VUT_REF,MM_USTAR_PERCENTILE,63.75,2019
52,GPP_DT_VUT_REF,MM_USTAR_THRESHOLD,0.247583,2019
52,GPP_DT_VUT_REF,MM_USTAR_PERCENTILE,63.75,2020
52,GPP_DT_VUT_REF,MM_USTAR_THRESHOLD,0.257212,2020
52,GPP_DT_VUT_REF,MM_USTAR_PERCENTILE,63.75,2021
52,GPP_DT_VUT_REF,MM_USTAR_THRESHOLD,0.255662,2021
53,GPP_DT_CUT_REF,YY_USTAR_PERCENTILE,41.25,-9999
53,GPP_DT_CUT_REF,YY_USTAR_THRESHOLD,0.212779,-9999
54,GPP_DT_VUT_REF,YY_USTAR_PERCENTILE,23.75,2017
54,GPP_DT_VUT_REF,YY_USTAR_THRESHOLD,0.171839,2017
54,GPP_DT_VUT_REF,YY_USTAR_PERCENTILE,23.75,2018
54,GPP_DT_VUT_REF,YY_USTAR_THRESHOLD,0.174072,2018
54,GPP_DT_VUT_REF,YY_USTAR_PERCENTILE,23.75,2019
54,GPP_DT_VUT_REF,YY_USTAR_THRESHOLD,0.18164,2019
54,GPP_DT_VUT_REF,YY_USTAR_PERCENTILE,23.75,2020
54,GPP_DT_VUT_REF,YY_USTAR_THRESHOLD,0.198168,2020
54,GPP_DT_VUT_REF,YY_USTAR_PERCENTILE,23.75,2021
54,GPP_DT_VUT_REF,YY_USTAR_THRESHOLD,0.206061,2021
55,USTAR_CUT,USTAR_PERCENTILE,1.25,-9999
55,USTAR_CUT,USTAR_THRESHOLD,0.118747,-9999
56,USTAR_CUT,USTAR_PERCENTILE,3.75,-9999
56,USTAR_CUT,USTAR_THRESHOLD,0.140339,-9999
57,USTAR_CUT,USTAR_PERCENTILE,6.25,-9999
57,USTAR_CUT,USTAR_THRESHOLD,0.148422,-9999
58,USTAR_CUT,USTAR_PERCENTILE,8.75,-9999
58,USTAR_CUT,USTAR_THRESHOLD,0.156185,-9999
59,USTAR_CUT,USTAR_PERCENTILE,11.25,-9999
59,USTAR_CUT,USTAR_THRESHOLD,0.161945,-9999
60,USTAR_CUT,USTAR_PERCENTILE,13.75,-9999
60,USTAR_CUT,USTAR_THRESHOLD,0.168032,-9999
61,USTAR_CUT,USTAR_PERCENTILE,16.25,-9999
61,USTAR_CUT,USTAR_THRESHOLD,0.174044,-9999
62,USTAR_CUT,USTAR_PERCENTILE,18.75,-9999
62,USTAR_CUT,USTAR_THRESHOLD,0.179568,-9999
63,USTAR_CUT,USTAR_PERCENTILE,21.25,-9999
63,USTAR_CUT,USTAR_THRESHOLD,0.182587,-9999
64,USTAR_CUT,USTAR_PERCENTILE,23.75,-9999
64,USTAR_CUT,USTAR_THRESHOLD,0.185187,-9999
65,USTAR_CUT,USTAR_PERCENTILE,26.25,-9999
65,USTAR_CUT,USTAR_THRESHOLD,0.187875,-9999
66,USTAR_CUT,USTAR_PERCENTILE,28.75,-9999
66,USTAR_CUT,USTAR_THRESHOLD,0.192781,-9999
67,USTAR_CUT,USTAR_PERCENTILE,31.25,-9999
67,USTAR_CUT,USTAR_THRESHOLD,0.195834,-9999
68,USTAR_CUT,USTAR_PERCENTILE,33.75,-9999
68,USTAR_CUT,USTAR_THRESHOLD,0.199492,-9999
69,USTAR_CUT,USTAR_PERCENTILE,36.25,-9999
69,USTAR_CUT,USTAR_THRESHOLD,0.204081,-9999
70,USTAR_CUT,USTAR_PERCENTILE,38.75,-9999
70,USTAR_CUT,USTAR_THRESHOLD,0.209395,-9999
71,USTAR_CUT,USTAR_PERCENTILE,41.25,-9999
71,USTAR_CUT,USTAR_THRESHOLD,0.212779,-9999
72,USTAR_CUT,USTAR_PERCENTILE,43.75,-9999
72,USTAR_CUT,USTAR_THRESHOLD,0.215533,-9999
73,USTAR_CUT,USTAR_PERCENTILE,46.25,-9999
73,USTAR_CUT,USTAR_THRESHOLD,0.219575,-9999
74,USTAR_CUT,USTAR_PERCENTILE,48.75,-9999
74,USTAR_CUT,USTAR_THRESHOLD,0.223043,-9999
75,USTAR_CUT,USTAR_PERCENTILE,50.00,-9999
75,USTAR_CUT,USTAR_THRESHOLD,0.225987,-9999
76,USTAR_CUT,USTAR_PERCENTILE,51.25,-9999
76,USTAR_CUT,USTAR_THRESHOLD,0.226799,-9999
77,USTAR_CUT,USTAR_PERCENTILE,53.75,-9999
77,USTAR_CUT,USTAR_THRESHOLD,0.231771,-9999
78,USTAR_CUT,USTAR_PERCENTILE,56.25,-9999
78,USTAR_CUT,USTAR_THRESHOLD,0.235132,-9999
79,USTAR_CUT,USTAR_PERCENTILE,58.75,-9999
79,USTAR_CUT,USTAR_THRESHOLD,0.238147,-9999
80,USTAR_CUT,USTAR_PERCENTILE,61.25,-9999
80,USTAR_CUT,USTAR_THRESHOLD,0.242272,-9999
81,USTAR_CUT,USTAR_PERCENTILE,63.75,-9999
81,USTAR_CUT,USTAR_THRESHOLD,0.247801,-9999
82,USTAR_CUT,USTAR_PERCENTILE,66.25,-9999
82,USTAR_CUT,USTAR_THRESHOLD,0.251075,-9999
83,USTAR_CUT,USTAR_PERCENTILE,68.75,-9999
83,USTAR_CUT,USTAR_THRESHOLD,0.255662,-9999
84,USTAR_CUT,USTAR_PERCENTILE,71.25,-9999
84,USTAR_CUT,USTAR_THRESHOLD,0.259995,-9999
85,USTAR_CUT,USTAR_PERCENTILE,73.75,-9999
85,USTAR_CUT,USTAR_THRESHOLD,0.268334,-9999
86,USTAR_CUT,USTAR_PERCENTILE,76.25,-9999
86,USTAR_CUT,USTAR_THRESHOLD,0.278556,-9999
87,USTAR_CUT,USTAR_PERCENTILE,78.75,-9999
87,USTAR_CUT,USTAR_THRESHOLD,0.282359,-9999
88,USTAR_CUT,USTAR_PERCENTILE,81.25,-9999
88,USTAR_CUT,USTAR_THRESHOLD,0.291155,-9999
89,USTAR_CUT,USTAR_PERCENTILE,83.75,-9999
89,USTAR_CUT,USTAR_THRESHOLD,0.304103,-9999
90,USTAR_CUT,USTAR_PERCENTILE,86.25,-9999
90,USTAR_CUT,USTAR_THRESHOLD,0.312598,-9999
91,USTAR_CUT,USTAR_PERCENTILE,88.75,-9999
91,USTAR_CUT,USTAR_THRESHOLD,0.322009,-9999
92,USTAR_CUT,USTAR_PERCENTILE,91.25,-9999
92,USTAR_CUT,USTAR_THRESHOLD,0.332762,-9999
93,USTAR_CUT,USTAR_PERCENTILE,93.75,-9999
93,USTAR_CUT,USTAR_THRESHOLD,0.34493,-9999
94,USTAR_CUT,USTAR_PERCENTILE,96.25,-9999
94,USTAR_CUT,USTAR_THRESHOLD,0.356969,-9999
95,USTAR_CUT,USTAR_PERCENTILE,98.75,-9999
95,USTAR_CUT,USTAR_THRESHOLD,0.406427,-9999
96,USTAR_VUT,USTAR_PERCENTILE,1.25,2017
96,USTAR_VUT,USTAR_THRESHOLD,0.109091,2017
97,USTAR_VUT,USTAR_PERCENTILE,3.75,2017
97,USTAR_VUT,USTAR_THRESHOLD,0.121677,2017
98,USTAR_VUT,USTAR_PERCENTILE,6.25,2017
98,USTAR_VUT,USTAR_THRESHOLD,0.131314,2017
99,USTAR_VUT,USTAR_PERCENTILE,8.75,2017
99,USTAR_VUT,USTAR_THRESHOLD,0.14428,2017
100,USTAR_VUT,USTAR_PERCENTILE,11.25,2017
100,USTAR_VUT,USTAR_THRESHOLD,0.148422,2017
101,USTAR_VUT,USTAR_PERCENTILE,13.75,2017
101,USTAR_VUT,USTAR_THRESHOLD,0.150226,2017
102,USTAR_VUT,USTAR_PERCENTILE,16.25,2017
102,USTAR_VUT,USTAR_THRESHOLD,0.157027,2017
103,USTAR_VUT,USTAR_PERCENTILE,18.75,2017
103,USTAR_VUT,USTAR_THRESHOLD,0.161945,2017
104,USTAR_VUT,USTAR_PERCENTILE,21.25,2017
104,USTAR_VUT,USTAR_THRESHOLD,0.167642,2017
105,USTAR_VUT,USTAR_PERCENTILE,23.75,2017
105,USTAR_VUT,USTAR_THRESHOLD,0.171839,2017
106,USTAR_VUT,USTAR_PERCENTILE,26.25,2017
106,USTAR_VUT,USTAR_THRESHOLD,0.174624,2017
107,USTAR_VUT,USTAR_PERCENTILE,28.75,2017
107,USTAR_VUT,USTAR_THRESHOLD,0.179225,2017
108,USTAR_VUT,USTAR_PERCENTILE,31.25,2017
108,USTAR_VUT,USTAR_THRESHOLD,0.181836,2017
109,USTAR_VUT,USTAR_PERCENTILE,33.75,2017
109,USTAR_VUT,USTAR_THRESHOLD,0.183207,2017
110,USTAR_VUT,USTAR_PERCENTILE,36.25,2017
110,USTAR_VUT,USTAR_THRESHOLD,0.185201,2017
111,USTAR_VUT,USTAR_PERCENTILE,38.75,2017
111,USTAR_VUT,USTAR_THRESHOLD,0.188609,2017
112,USTAR_VUT,USTAR_PERCENTILE,41.25,2017
112,USTAR_VUT,USTAR_THRESHOLD,0.19206,2017
113,USTAR_VUT,USTAR_PERCENTILE,43.75,2017
113,USTAR_VUT,USTAR_THRESHOLD,0.194305,2017
114,USTAR_VUT,USTAR_PERCENTILE,46.25,2017
114,USTAR_VUT,USTAR_THRESHOLD,0.199264,2017
115,USTAR_VUT,USTAR_PERCENTILE,48.75,2017
115,USTAR_VUT,USTAR_THRESHOLD,0.19991,2017
116,USTAR_VUT,USTAR_PERCENTILE,50.00,2017
116,USTAR_VUT,USTAR_THRESHOLD,0.202261,2017
117,USTAR_VUT,USTAR_PERCENTILE,51.25,2017
117,USTAR_VUT,USTAR_THRESHOLD,0.209304,2017
118,USTAR_VUT,USTAR_PERCENTILE,53.75,2017
118,USTAR_VUT,USTAR_THRESHOLD,0.212435,2017
119,USTAR_VUT,USTAR_PERCENTILE,56.25,2017
119,USTAR_VUT,USTAR_THRESHOLD,0.215204,2017
120,USTAR_VUT,USTAR_PERCENTILE,58.75,2017
120,USTAR_VUT,USTAR_THRESHOLD,0.219143,2017
121,USTAR_VUT,USTAR_PERCENTILE,61.25,2017
121,USTAR_VUT,USTAR_THRESHOLD,0.225987,2017
122,USTAR_VUT,USTAR_PERCENTILE,63.75,2017
122,USTAR_VUT,USTAR_THRESHOLD,0.227897,2017
123,USTAR_VUT,USTAR_PERCENTILE,66.25,2017
123,USTAR_VUT,USTAR_THRESHOLD,0.236573,2017
124,USTAR_VUT,USTAR_PERCENTILE,68.75,2017
124,USTAR_VUT,USTAR_THRESHOLD,0.24122,2017
125,USTAR_VUT,USTAR_PERCENTILE,71.25,2017
125,USTAR_VUT,USTAR_THRESHOLD,0.246095,2017
126,USTAR_VUT,USTAR_PERCENTILE,73.75,2017
126,USTAR_VUT,USTAR_THRESHOLD,0.250601,2017
127,USTAR_VUT,USTAR_PERCENTILE,76.25,2017
127,USTAR_VUT,USTAR_THRESHOLD,0.25369,2017
128,USTAR_VUT,USTAR_PERCENTILE,78.75,2017
128,USTAR_VUT,USTAR_THRESHOLD,0.258223,2017
129,USTAR_VUT,USTAR_PERCENTILE,81.25,2017
129,USTAR_VUT,USTAR_THRESHOLD,0.268769,2017
130,USTAR_VUT,USTAR_PERCENTILE,83.75,2017
130,USTAR_VUT,USTAR_THRESHOLD,0.281522,2017
131,USTAR_VUT,USTAR_PERCENTILE,86.25,2017
131,USTAR_VUT,USTAR_THRESHOLD,0.291045,2017
132,USTAR_VUT,USTAR_PERCENTILE,88.75,2017
132,USTAR_VUT,USTAR_THRESHOLD,0.298165,2017
133,USTAR_VUT,USTAR_PERCENTILE,91.25,2017
133,USTAR_VUT,USTAR_THRESHOLD,0.312047,2017
134,USTAR_VUT,USTAR_PERCENTILE,93.75,2017
134,USTAR_VUT,USTAR_THRESHOLD,0.325773,2017
135,USTAR_VUT,USTAR_PERCENTILE,96.25,2017
135,USTAR_VUT,USTAR_THRESHOLD,0.348287,2017
136,USTAR_VUT,USTAR_PERCENTILE,98.75,2017
136,USTAR_VUT,USTAR_THRESHOLD,0.382373,2017
137,USTAR_VUT,USTAR_PERCENTILE,1.25,2018
137,USTAR_VUT,USTAR_THRESHOLD,0.110533,2018
138,USTAR_VUT,USTAR_PERCENTILE,3.75,2018
138,USTAR_VUT,USTAR_THRESHOLD,0.122003,2018
139,USTAR_VUT,USTAR_PERCENTILE,6.25,2018
139,USTAR_VUT,USTAR_THRESHOLD,0.141607,2018
140,USTAR_VUT,USTAR_PERCENTILE,8.75,2018
140,USTAR_VUT,USTAR_THRESHOLD,0.147847,2018
141,USTAR_VUT,USTAR_PERCENTILE,11.25,2018
141,USTAR_VUT,USTAR_THRESHOLD,0.150045,2018
142,USTAR_VUT,USTAR_PERCENTILE,13.75,2018
142,USTAR_VUT,USTAR_THRESHOLD,0.156351,2018
143,USTAR_VUT,USTAR_PERCENTILE,16.25,2018
143,USTAR_VUT,USTAR_THRESHOLD,0.161341,2018
144,USTAR_VUT,USTAR_PERCENTILE,18.75,2018
144,USTAR_VUT,USTAR_THRESHOLD,0.164053,2018
145,USTAR_VUT,USTAR_PERCENTILE,21.25,2018
145,USTAR_VUT,USTAR_THRESHOLD,0.170015,2018
146,USTAR_VUT,USTAR_PERCENTILE,23.75,2018
146,USTAR_VUT,USTAR_THRESHOLD,0.174072,2018
147,USTAR_VUT,USTAR_PERCENTILE,26.25,2018
147,USTAR_VUT,USTAR_THRESHOLD,0.176228,2018
148,USTAR_VUT,USTAR_PERCENTILE,28.75,2018
148,USTAR_VUT,USTAR_THRESHOLD,0.18002,2018
149,USTAR_VUT,USTAR_PERCENTILE,31.25,2018
149,USTAR_VUT,USTAR_THRESHOLD,0.182765,2018
150,USTAR_VUT,USTAR_PERCENTILE,33.75,2018
150,USTAR_VUT,USTAR_THRESHOLD,0.184863,2018
151,USTAR_VUT,USTAR_PERCENTILE,36.25,2018
151,USTAR_VUT,USTAR_THRESHOLD,0.187637,2018
152,USTAR_VUT,USTAR_PERCENTILE,38.75,2018
152,USTAR_VUT,USTAR_THRESHOLD,0.189288,2018
153,USTAR_VUT,USTAR_PERCENTILE,41.25,2018
153,USTAR_VUT,USTAR_THRESHOLD,0.194728,2018
154,USTAR_VUT,USTAR_PERCENTILE,43.75,2018
154,USTAR_VUT,USTAR_THRESHOLD,0.199264,2018
155,USTAR_VUT,USTAR_PERCENTILE,46.25,2018
155,USTAR_VUT,USTAR_THRESHOLD,0.204705,2018
156,USTAR_VUT,USTAR_PERCENTILE,48.75,2018
156,USTAR_VUT,USTAR_THRESHOLD,0.21033,2018
157,USTAR_VUT,USTAR_PERCENTILE,50.00,2018
157,USTAR_VUT,USTAR_THRESHOLD,0.212459,2018
158,USTAR_VUT,USTAR_PERCENTILE,51.25,2018
158,USTAR_VUT,USTAR_THRESHOLD,0.214996,2018
159,USTAR_VUT,USTAR_PERCENTILE,53.75,2018
159,USTAR_VUT,USTAR_THRESHOLD,0.219048,2018
160,USTAR_VUT,USTAR_PERCENTILE,56.25,2018
160,USTAR_VUT,USTAR_THRESHOLD,0.223043,2018
161,USTAR_VUT,USTAR_PERCENTILE,58.75,2018
161,USTAR_VUT,USTAR_THRESHOLD,0.227897,2018
162,USTAR_VUT,USTAR_PERCENTILE,61.25,2018
162,USTAR_VUT,USTAR_THRESHOLD,0.235132,2018
163,USTAR_VUT,USTAR_PERCENTILE,63.75,2018
163,USTAR_VUT,USTAR_THRESHOLD,0.239882,2018
164,USTAR_VUT,USTAR_PERCENTILE,66.25,2018
164,USTAR_VUT,USTAR_THRESHOLD,0.245526,2018
165,USTAR_VUT,USTAR_PERCENTILE,68.75,2018
165,USTAR_VUT,USTAR_THRESHOLD,0.24926,2018
166,USTAR_VUT,USTAR_PERCENTILE,71.25,2018
166,USTAR_VUT,USTAR_THRESHOLD,0.25369,2018
167,USTAR_VUT,USTAR_PERCENTILE,73.75,2018
167,USTAR_VUT,USTAR_THRESHOLD,0.258223,2018
168,USTAR_VUT,USTAR_PERCENTILE,76.25,2018
168,USTAR_VUT,USTAR_THRESHOLD,0.273226,2018
169,USTAR_VUT,USTAR_PERCENTILE,78.75,2018
169,USTAR_VUT,USTAR_THRESHOLD,0.281339,2018
170,USTAR_VUT,USTAR_PERCENTILE,81.25,2018
170,USTAR_VUT,USTAR_THRESHOLD,0.291155,2018
171,USTAR_VUT,USTAR_PERCENTILE,83.75,2018
171,USTAR_VUT,USTAR_THRESHOLD,0.30262,2018
172,USTAR_VUT,USTAR_PERCENTILE,86.25,2018
172,USTAR_VUT,USTAR_THRESHOLD,0.318104,2018
173,USTAR_VUT,USTAR_PERCENTILE,88.75,2018
173,USTAR_VUT,USTAR_THRESHOLD,0.3274,2018
174,USTAR_VUT,USTAR_PERCENTILE,91.25,2018
174,USTAR_VUT,USTAR_THRESHOLD,0.338813,2018
175,USTAR_VUT,USTAR_PERCENTILE,93.75,2018
175,USTAR_VUT,USTAR_THRESHOLD,0.348287,2018
176,USTAR_VUT,USTAR_PERCENTILE,96.25,2018
176,USTAR_VUT,USTAR_THRESHOLD,0.366458,2018
177,USTAR_VUT,USTAR_PERCENTILE,98.75,2018
177,USTAR_VUT,USTAR_THRESHOLD,0.406427,2018
178,USTAR_VUT,USTAR_PERCENTILE,1.25,2019
178,USTAR_VUT,USTAR_THRESHOLD,0.110533,2019
179,USTAR_VUT,USTAR_PERCENTILE,3.75,2019
179,USTAR_VUT,USTAR_THRESHOLD,0.141607,2019
180,USTAR_VUT,USTAR_PERCENTILE,6.25,2019
180,USTAR_VUT,USTAR_THRESHOLD,0.149438,2019
181,USTAR_VUT,USTAR_PERCENTILE,8.75,2019
181,USTAR_VUT,USTAR_THRESHOLD,0.151068,2019
182,USTAR_VUT,USTAR_PERCENTILE,11.25,2019
182,USTAR_VUT,USTAR_THRESHOLD,0.159407,2019
183,USTAR_VUT,USTAR_PERCENTILE,13.75,2019
183,USTAR_VUT,USTAR_THRESHOLD,0.162027,2019
184,USTAR_VUT,USTAR_PERCENTILE,16.25,2019
184,USTAR_VUT,USTAR_THRESHOLD,0.168212,2019
185,USTAR_VUT,USTAR_PERCENTILE,18.75,2019
185,USTAR_VUT,USTAR_THRESHOLD,0.17432,2019
186,USTAR_VUT,USTAR_PERCENTILE,21.25,2019
186,USTAR_VUT,USTAR_THRESHOLD,0.178554,2019
187,USTAR_VUT,USTAR_PERCENTILE,23.75,2019
187,USTAR_VUT,USTAR_THRESHOLD,0.18164,2019
188,USTAR_VUT,USTAR_PERCENTILE,26.25,2019
188,USTAR_VUT,USTAR_THRESHOLD,0.184632,2019
189,USTAR_VUT,USTAR_PERCENTILE,28.75,2019
189,USTAR_VUT,USTAR_THRESHOLD,0.187,2019
190,USTAR_VUT,USTAR_PERCENTILE,31.25,2019
190,USTAR_VUT,USTAR_THRESHOLD,0.189035,2019
191,USTAR_VUT,USTAR_PERCENTILE,33.75,2019
191,USTAR_VUT,USTAR_THRESHOLD,0.194728,2019
192,USTAR_VUT,USTAR_PERCENTILE,36.25,2019
192,USTAR_VUT,USTAR_THRESHOLD,0.198192,2019
193,USTAR_VUT,USTAR_PERCENTILE,38.75,2019
193,USTAR_VUT,USTAR_THRESHOLD,0.204042,2019
194,USTAR_VUT,USTAR_PERCENTILE,41.25,2019
194,USTAR_VUT,USTAR_THRESHOLD,0.209964,2019
195,USTAR_VUT,USTAR_PERCENTILE,43.75,2019
195,USTAR_VUT,USTAR_THRESHOLD,0.214865,2019
196,USTAR_VUT,USTAR_PERCENTILE,46.25,2019
196,USTAR_VUT,USTAR_THRESHOLD,0.219048,2019
197,USTAR_VUT,USTAR_PERCENTILE,48.75,2019
197,USTAR_VUT,USTAR_THRESHOLD,0.224592,2019
198,USTAR_VUT,USTAR_PERCENTILE,50.00,2019
198,USTAR_VUT,USTAR_THRESHOLD,0.226349,2019
199,USTAR_VUT,USTAR_PERCENTILE,51.25,2019
199,USTAR_VUT,USTAR_THRESHOLD,0.227428,2019
200,USTAR_VUT,USTAR_PERCENTILE,53.75,2019
200,USTAR_VUT,USTAR_THRESHOLD,0.232351,2019
201,USTAR_VUT,USTAR_PERCENTILE,56.25,2019
201,USTAR_VUT,USTAR_THRESHOLD,0.236573,2019
202,USTAR_VUT,USTAR_PERCENTILE,58.75,2019
202,USTAR_VUT,USTAR_THRESHOLD,0.239194,2019
203,USTAR_VUT,USTAR_PERCENTILE,61.25,2019
203,USTAR_VUT,USTAR_THRESHOLD,0.243681,2019
204,USTAR_VUT,USTAR_PERCENTILE,63.75,2019
204,USTAR_VUT,USTAR_THRESHOLD,0.247583,2019
205,USTAR_VUT,USTAR_PERCENTILE,66.25,2019
205,USTAR_VUT,USTAR_THRESHOLD,0.25051,2019
206,USTAR_VUT,USTAR_PERCENTILE,68.75,2019
206,USTAR_VUT,USTAR_THRESHOLD,0.253919,2019
207,USTAR_VUT,USTAR_PERCENTILE,71.25,2019
207,USTAR_VUT,USTAR_THRESHOLD,0.257517,2019
208,USTAR_VUT,USTAR_PERCENTILE,73.75,2019
208,USTAR_VUT,USTAR_THRESHOLD,0.262597,2019
209,USTAR_VUT,USTAR_PERCENTILE,76.25,2019
209,USTAR_VUT,USTAR_THRESHOLD,0.274254,2019
210,USTAR_VUT,USTAR_PERCENTILE,78.75,2019
210,USTAR_VUT,USTAR_THRESHOLD,0.281339,2019
211,USTAR_VUT,USTAR_PERCENTILE,81.25,2019
211,USTAR_VUT,USTAR_THRESHOLD,0.288289,2019
212,USTAR_VUT,USTAR_PERCENTILE,83.75,2019
212,USTAR_VUT,USTAR_THRESHOLD,0.307852,2019
213,USTAR_VUT,USTAR_PERCENTILE,86.25,2019
213,USTAR_VUT,USTAR_THRESHOLD,0.318693,2019
214,USTAR_VUT,USTAR_PERCENTILE,88.75,2019
214,USTAR_VUT,USTAR_THRESHOLD,0.3274,2019
215,USTAR_VUT,USTAR_PERCENTILE,91.25,2019
215,USTAR_VUT,USTAR_THRESHOLD,0.334992,2019
216,USTAR_VUT,USTAR_PERCENTILE,93.75,2019
216,USTAR_VUT,USTAR_THRESHOLD,0.34493,2019
217,USTAR_VUT,USTAR_PERCENTILE,96.25,2019
217,USTAR_VUT,USTAR_THRESHOLD,0.36611,2019
218,USTAR_VUT,USTAR_PERCENTILE,98.75,2019
218,USTAR_VUT,USTAR_THRESHOLD,0.409731,2019
219,USTAR_VUT,USTAR_PERCENTILE,1.25,2020
219,USTAR_VUT,USTAR_THRESHOLD,0.139322,2020
220,USTAR_VUT,USTAR_PERCENTILE,3.75,2020
220,USTAR_VUT,USTAR_THRESHOLD,0.150045,2020
221,USTAR_VUT,USTAR_PERCENTILE,6.25,2020
221,USTAR_VUT,USTAR_THRESHOLD,0.163166,2020
222,USTAR_VUT,USTAR_PERCENTILE,8.75,2020
222,USTAR_VUT,USTAR_THRESHOLD,0.168212,2020
223,USTAR_VUT,USTAR_PERCENTILE,11.25,2020
223,USTAR_VUT,USTAR_THRESHOLD,0.174502,2020
224,USTAR_VUT,USTAR_PERCENTILE,13.75,2020
224,USTAR_VUT,USTAR_THRESHOLD,0.18164,2020
225,USTAR_VUT,USTAR_PERCENTILE,16.25,2020
225,USTAR_VUT,USTAR_THRESHOLD,0.185732,2020
226,USTAR_VUT,USTAR_PERCENTILE,18.75,2020
226,USTAR_VUT,USTAR_THRESHOLD,0.190104,2020
227,USTAR_VUT,USTAR_PERCENTILE,21.25,2020
227,USTAR_VUT,USTAR_THRESHOLD,0.195339,2020
228,USTAR_VUT,USTAR_PERCENTILE,23.75,2020
228,USTAR_VUT,USTAR_THRESHOLD,0.198168,2020
229,USTAR_VUT,USTAR_PERCENTILE,26.25,2020
229,USTAR_VUT,USTAR_THRESHOLD,0.204042,2020
230,USTAR_VUT,USTAR_PERCENTILE,28.75,2020
230,USTAR_VUT,USTAR_THRESHOLD,0.206012,2020
231,USTAR_VUT,USTAR_PERCENTILE,31.25,2020
231,USTAR_VUT,USTAR_THRESHOLD,0.210419,2020
232,USTAR_VUT,USTAR_PERCENTILE,33.75,2020
232,USTAR_VUT,USTAR_THRESHOLD,0.213743,2020
233,USTAR_VUT,USTAR_PERCENTILE,36.25,2020
233,USTAR_VUT,USTAR_THRESHOLD,0.217547,2020
234,USTAR_VUT,USTAR_PERCENTILE,38.75,2020
234,USTAR_VUT,USTAR_THRESHOLD,0.220596,2020
235,USTAR_VUT,USTAR_PERCENTILE,41.25,2020
235,USTAR_VUT,USTAR_THRESHOLD,0.224733,2020
236,USTAR_VUT,USTAR_PERCENTILE,43.75,2020
236,USTAR_VUT,USTAR_THRESHOLD,0.226899,2020
237,USTAR_VUT,USTAR_PERCENTILE,46.25,2020
237,USTAR_VUT,USTAR_THRESHOLD,0.231068,2020
238,USTAR_VUT,USTAR_PERCENTILE,48.75,2020
238,USTAR_VUT,USTAR_THRESHOLD,0.234447,2020
239,USTAR_VUT,USTAR_PERCENTILE,50.00,2020
239,USTAR_VUT,USTAR_THRESHOLD,0.235149,2020
240,USTAR_VUT,USTAR_PERCENTILE,51.25,2020
240,USTAR_VUT,USTAR_THRESHOLD,0.235763,2020
241,USTAR_VUT,USTAR_PERCENTILE,53.75,2020
241,USTAR_VUT,USTAR_THRESHOLD,0.238689,2020
242,USTAR_VUT,USTAR_PERCENTILE,56.25,2020
242,USTAR_VUT,USTAR_THRESHOLD,0.244214,2020
243,USTAR_VUT,USTAR_PERCENTILE,58.75,2020
243,USTAR_VUT,USTAR_THRESHOLD,0.248033,2020
244,USTAR_VUT,USTAR_PERCENTILE,61.25,2020
244,USTAR_VUT,USTAR_THRESHOLD,0.253171,2020
245,USTAR_VUT,USTAR_PERCENTILE,63.75,2020
245,USTAR_VUT,USTAR_THRESHOLD,0.257212,2020
246,USTAR_VUT,USTAR_PERCENTILE,66.25,2020
246,USTAR_VUT,USTAR_THRESHOLD,0.260896,2020
247,USTAR_VUT,USTAR_PERCENTILE,68.75,2020
247,USTAR_VUT,USTAR_THRESHOLD,0.264782,2020
248,USTAR_VUT,USTAR_PERCENTILE,71.25,2020
248,USTAR_VUT,USTAR_THRESHOLD,0.274254,2020
249,USTAR_VUT,USTAR_PERCENTILE,73.75,2020
249,USTAR_VUT,USTAR_THRESHOLD,0.281088,2020
250,USTAR_VUT,USTAR_PERCENTILE,76.25,2020
250,USTAR_VUT,USTAR_THRESHOLD,0.286882,2020
251,USTAR_VUT,USTAR_PERCENTILE,78.75,2020
251,USTAR_VUT,USTAR_THRESHOLD,0.296668,2020
252,USTAR_VUT,USTAR_PERCENTILE,81.25,2020
252,USTAR_VUT,USTAR_THRESHOLD,0.308557,2020
253,USTAR_VUT,USTAR_PERCENTILE,83.75,2020
253,USTAR_VUT,USTAR_THRESHOLD,0.318668,2020
254,USTAR_VUT,USTAR_PERCENTILE,86.25,2020
254,USTAR_VUT,USTAR_THRESHOLD,0.322009,2020
255,USTAR_VUT,USTAR_PERCENTILE,88.75,2020
255,USTAR_VUT,USTAR_THRESHOLD,0.331158,2020
256,USTAR_VUT,USTAR_PERCENTILE,91.25,2020
256,USTAR_VUT,USTAR_THRESHOLD,0.33968,2020
257,USTAR_VUT,USTAR_PERCENTILE,93.75,2020
257,USTAR_VUT,USTAR_THRESHOLD,0.349644,2020
258,USTAR_VUT,USTAR_PERCENTILE,96.25,2020
258,USTAR_VUT,USTAR_THRESHOLD,0.366387,2020
259,USTAR_VUT,USTAR_PERCENTILE,98.75,2020
259,USTAR_VUT,USTAR_THRESHOLD,0.409731,2020
260,USTAR_VUT,USTAR_PERCENTILE,1.25,2021
260,USTAR_VUT,USTAR_THRESHOLD,0.140107,2021
261,USTAR_VUT,USTAR_PERCENTILE,3.75,2021
261,USTAR_VUT,USTAR_THRESHOLD,0.170707,2021
262,USTAR_VUT,USTAR_PERCENTILE,6.25,2021
262,USTAR_VUT,USTAR_THRESHOLD,0.180458,2021
263,USTAR_VUT,USTAR_PERCENTILE,8.75,2021
263,USTAR_VUT,USTAR_THRESHOLD,0.185732,2021
264,USTAR_VUT,USTAR_PERCENTILE,11.25,2021
264,USTAR_VUT,USTAR_THRESHOLD,0.191769,2021
265,USTAR_VUT,USTAR_PERCENTILE,13.75,2021
265,USTAR_VUT,USTAR_THRESHOLD,0.194373,2021
266,USTAR_VUT,USTAR_PERCENTILE,16.25,2021
266,USTAR_VUT,USTAR_THRESHOLD,0.198168,2021
267,USTAR_VUT,USTAR_PERCENTILE,18.75,2021
267,USTAR_VUT,USTAR_THRESHOLD,0.201144,2021
268,USTAR_VUT,USTAR_PERCENTILE,21.25,2021
268,USTAR_VUT,USTAR_THRESHOLD,0.204081,2021
269,USTAR_VUT,USTAR_PERCENTILE,23.75,2021
269,USTAR_VUT,USTAR_THRESHOLD,0.206061,2021
270,USTAR_VUT,USTAR_PERCENTILE,26.25,2021
270,USTAR_VUT,USTAR_THRESHOLD,0.209395,2021
271,USTAR_VUT,USTAR_PERCENTILE,28.75,2021
271,USTAR_VUT,USTAR_THRESHOLD,0.213424,2021
272,USTAR_VUT,USTAR_PERCENTILE,31.25,2021
272,USTAR_VUT,USTAR_THRESHOLD,0.21672,2021
273,USTAR_VUT,USTAR_PERCENTILE,33.75,2021
273,USTAR_VUT,USTAR_THRESHOLD,0.219575,2021
274,USTAR_VUT,USTAR_PERCENTILE,36.25,2021
274,USTAR_VUT,USTAR_THRESHOLD,0.221495,2021
275,USTAR_VUT,USTAR_PERCENTILE,38.75,2021
275,USTAR_VUT,USTAR_THRESHOLD,0.225312,2021
276,USTAR_VUT,USTAR_PERCENTILE,41.25,2021
276,USTAR_VUT,USTAR_THRESHOLD,0.226899,2021
277,USTAR_VUT,USTAR_PERCENTILE,43.75,2021
277,USTAR_VUT,USTAR_THRESHOLD,0.229365,2021
278,USTAR_VUT,USTAR_PERCENTILE,46.25,2021
278,USTAR_VUT,USTAR_THRESHOLD,0.233247,2021
279,USTAR_VUT,USTAR_PERCENTILE,48.75,2021
279,USTAR_VUT,USTAR_THRESHOLD,0.235149,2021
280,USTAR_VUT,USTAR_PERCENTILE,50.00,2021
280,USTAR_VUT,USTAR_THRESHOLD,0.235342,2021
281,USTAR_VUT,USTAR_PERCENTILE,51.25,2021
281,USTAR_VUT,USTAR_THRESHOLD,0.23646,2021
282,USTAR_VUT,USTAR_PERCENTILE,53.75,2021
282,USTAR_VUT,USTAR_THRESHOLD,0.239347,2021
283,USTAR_VUT,USTAR_PERCENTILE,56.25,2021
283,USTAR_VUT,USTAR_THRESHOLD,0.243569,2021
284,USTAR_VUT,USTAR_PERCENTILE,58.75,2021
284,USTAR_VUT,USTAR_THRESHOLD,0.248351,2021
285,USTAR_VUT,USTAR_PERCENTILE,61.25,2021
285,USTAR_VUT,USTAR_THRESHOLD,0.253171,2021
286,USTAR_VUT,USTAR_PERCENTILE,63.75,2021
286,USTAR_VUT,USTAR_THRESHOLD,0.255662,2021
287,USTAR_VUT,USTAR_PERCENTILE,66.25,2021
287,USTAR_VUT,USTAR_THRESHOLD,0.259995,2021
288,USTAR_VUT,USTAR_PERCENTILE,68.75,2021
288,USTAR_VUT,USTAR_THRESHOLD,0.263989,2021
289,USTAR_VUT,USTAR_PERCENTILE,71.25,2021
289,USTAR_VUT,USTAR_THRESHOLD,0.265537,2021
290,USTAR_VUT,USTAR_PERCENTILE,73.75,2021
290,USTAR_VUT,USTAR_THRESHOLD,0.274254,2021
291,USTAR_VUT,USTAR_PERCENTILE,76.25,2021
291,USTAR_VUT,USTAR_THRESHOLD,0.281088,2021
292,USTAR_VUT,USTAR_PERCENTILE,78.75,2021
292,USTAR_VUT,USTAR_THRESHOLD,0.286872,2021
293,USTAR_VUT,USTAR_PERCENTILE,81.25,2021
293,USTAR_VUT,USTAR_THRESHOLD,0.291983,2021
294,USTAR_VUT,USTAR_PERCENTILE,83.75,2021
294,USTAR_VUT,USTAR_THRESHOLD,0.304103,2021
295,USTAR_VUT,USTAR_PERCENTILE,86.25,2021
295,USTAR_VUT,USTAR_THRESHOLD,0.30859,2021
296,USTAR_VUT,USTAR_PERCENTILE,88.75,2021
296,USTAR_VUT,USTAR_THRESHOLD,0.319353,2021
297,USTAR_VUT,USTAR_PERCENTILE,91.25,2021
297,USTAR_VUT,USTAR_THRESHOLD,0.325959,2021
298,USTAR_VUT,USTAR_PERCENTILE,93.75,2021
298,USTAR_VUT,USTAR_THRESHOLD,0.33436,2021
299,USTAR_VUT,USTAR_PERCENTILE,96.25,2021
299,USTAR_VUT,USTAR_THRESHOLD,0.352761,2021
300,USTAR_VUT,USTAR_PERCENTILE,98.75,2021
300,USTAR_VUT,USTAR_THRESHOLD,0.388288,2021
